<?xml version="1.0"?>
<Runs Version="1" Minor="0">
	<Run Id="mig_7series_0_synth_1" LaunchDir="H:/FPGA_basicproject/mig_color/project/project_migcolorbar/project_migcolorbar.runs/mig_7series_0_synth_1" FlowId="Vivado_Synthesis" FromStepId="vivado" ToStepId="vivado"/>
	<Run Id="synth_1" LaunchDir="H:/FPGA_basicproject/mig_color/project/project_migcolorbar/project_migcolorbar.runs/synth_1" FlowId="Vivado_Synthesis" FromStepId="vivado" ToStepId="vivado">
		<Parent Id="mig_7series_0_synth_1"/>
	</Run>
	<Parameters>
		<Parameter Name="runs.monitorLSFJobs" Val="true" Type="bool"/>
		<Parameter Name="runs.enableClusterConf" Val="true" Type="bool"/>
	</Parameters>
</Runs>

