<?xml version="1.0" encoding="UTF-8"?>
<GenRun Id="mig_7series_0_synth_1" LaunchPart="xc7a35tfgg484-1" LaunchTime="1731408591">
  <File Type="PA-TCL" Name="mig_7series_0.tcl"/>
  <File Type="RDS-PROPCONSTRS" Name="mig_7series_0_drc_synth.rpt"/>
  <File Type="REPORTS-TCL" Name="mig_7series_0_reports.tcl"/>
  <File Type="RDS-RDS" Name="mig_7series_0.vds"/>
  <File Type="RDS-UTIL" Name="mig_7series_0_utilization_synth.rpt"/>
  <File Type="RDS-UTIL-PB" Name="mig_7series_0_utilization_synth.pb"/>
  <File Type="RDS-DCP" Name="mig_7series_0.dcp"/>
  <File Type="VDS-TIMINGSUMMARY" Name="mig_7series_0_timing_summary_synth.rpt"/>
  <File Type="VDS-TIMING-PB" Name="mig_7series_0_timing_summary_synth.pb"/>
  <FileSet Name="sources" Type="BlockSrcs" RelSrcDir="$PSRCDIR/mig_7series_0">
    <File Path="$PSRCDIR/sources_1/ip/mig_7series_0_1/mig_7series_0.xci">
      <FileInfo>
        <Attr Name="UsedIn" Val="synthesis"/>
        <Attr Name="UsedIn" Val="implementation"/>
        <Attr Name="UsedIn" Val="simulation"/>
      </FileInfo>
    </File>
    <Config>
      <Option Name="TopModule" Val="mig_7series_0"/>
      <Option Name="UseBlackboxStub" Val="1"/>
    </Config>
  </FileSet>
  <FileSet Name="constrs_in" Type="BlockSrcs" RelSrcDir="$PSRCDIR/mig_7series_0">
    <File Path="$PSRCDIR/sources_1/ip/mig_7series_0_1/mig_7series_0.xci">
      <FileInfo>
        <Attr Name="UsedIn" Val="synthesis"/>
        <Attr Name="UsedIn" Val="implementation"/>
        <Attr Name="UsedIn" Val="simulation"/>
      </FileInfo>
    </File>
    <Config>
      <Option Name="TopModule" Val="mig_7series_0"/>
      <Option Name="UseBlackboxStub" Val="1"/>
    </Config>
  </FileSet>
  <FileSet Name="utils" Type="Utils" RelSrcDir="$PSRCDIR/utils_1">
    <Filter Type="Utils"/>
    <Config>
      <Option Name="TopAutoSet" Val="TRUE"/>
    </Config>
  </FileSet>
  <Strategy Version="1" Minor="2">
    <StratHandle Name="Vivado Synthesis Defaults" Flow="Vivado Synthesis 2019"/>
    <Step Id="synth_design"/>
  </Strategy>
</GenRun>
