<?xml version="1.0" encoding="UTF-8" ?>
<webTalkData  fileName='usage_statistics_webtalk.xml'  majorVersion='1' minorVersion='0' timeStamp='Tue Nov 12 19:31:56 2024'>
<section name="__ROOT__" level="0" order="1" description="">
 <section name="software_version_and_target_device" level="1" order="1" description="">
  <keyValuePair key="beta" value="FALSE" description="" />
  <keyValuePair key="build_version" value="2708876" description="" />
  <keyValuePair key="date_generated" value="Tue Nov 12 19:31:56 2024" description="" />
  <keyValuePair key="os_platform" value="WIN64" description="" />
  <keyValuePair key="product_version" value="Vivado v2019.2 (64-bit)" description="" />
  <keyValuePair key="project_id" value="2e986453ffd64a099dc590d6b32166a1" description="" />
  <keyValuePair key="project_iteration" value="5" description="" />
  <keyValuePair key="random_id" value="dafc6e27157956c584f043cce9653af2" description="" />
  <keyValuePair key="registration_id" value="dafc6e27157956c584f043cce9653af2" description="" />
  <keyValuePair key="route_design" value="TRUE" description="" />
  <keyValuePair key="target_device" value="xc7a35t" description="" />
  <keyValuePair key="target_family" value="artix7" description="" />
  <keyValuePair key="target_package" value="fgg484" description="" />
  <keyValuePair key="target_speed" value="-1" description="" />
  <keyValuePair key="tool_flow" value="Vivado" description="" />
 </section>
 <section name="user_environment" level="1" order="2" description="">
  <keyValuePair key="cpu_name" value="11th Gen Intel(R) Core(TM) i7-11800H @ 2.30GHz" description="" />
  <keyValuePair key="cpu_speed" value="2304 MHz" description="" />
  <keyValuePair key="os_name" value="Windows Server 2016 or Windows 10" description="" />
  <keyValuePair key="os_release" value="major release  (build 9200)" description="" />
  <keyValuePair key="system_ram" value="16.000 GB" description="" />
  <keyValuePair key="total_processors" value="1" description="" />
 </section>
 <section name="ip_statistics" level="1" order="3" description="">
  <section name="clk_wiz_v6_0_4_0_0/1" level="2" order="1" description="">
   <keyValuePair key="clkin1_period" value="20.000" description="" />
   <keyValuePair key="clkin2_period" value="10.0" description="" />
   <keyValuePair key="clock_mgr_type" value="NA" description="" />
   <keyValuePair key="component_name" value="clk_wiz_0" description="" />
   <keyValuePair key="core_container" value="NA" description="" />
   <keyValuePair key="enable_axi" value="0" description="" />
   <keyValuePair key="feedback_source" value="FDBK_AUTO" description="" />
   <keyValuePair key="feedback_type" value="SINGLE" description="" />
   <keyValuePair key="iptotal" value="1" description="" />
   <keyValuePair key="manual_override" value="false" description="" />
   <keyValuePair key="num_out_clk" value="3" description="" />
   <keyValuePair key="primitive" value="MMCM" description="" />
   <keyValuePair key="use_dyn_phase_shift" value="false" description="" />
   <keyValuePair key="use_dyn_reconfig" value="false" description="" />
   <keyValuePair key="use_inclk_stopped" value="false" description="" />
   <keyValuePair key="use_inclk_switchover" value="false" description="" />
   <keyValuePair key="use_locked" value="true" description="" />
   <keyValuePair key="use_max_i_jitter" value="false" description="" />
   <keyValuePair key="use_min_o_jitter" value="false" description="" />
   <keyValuePair key="use_phase_alignment" value="true" description="" />
   <keyValuePair key="use_power_down" value="false" description="" />
   <keyValuePair key="use_reset" value="true" description="" />
  </section>
  <section name="fifo_generator_v13_2_5/1" level="2" order="2" description="">
   <keyValuePair key="c_add_ngc_constraint" value="0" description="" />
   <keyValuePair key="c_application_type_axis" value="0" description="" />
   <keyValuePair key="c_application_type_rach" value="0" description="" />
   <keyValuePair key="c_application_type_rdch" value="0" description="" />
   <keyValuePair key="c_application_type_wach" value="0" description="" />
   <keyValuePair key="c_application_type_wdch" value="0" description="" />
   <keyValuePair key="c_application_type_wrch" value="0" description="" />
   <keyValuePair key="c_axi_addr_width" value="32" description="" />
   <keyValuePair key="c_axi_aruser_width" value="1" description="" />
   <keyValuePair key="c_axi_awuser_width" value="1" description="" />
   <keyValuePair key="c_axi_buser_width" value="1" description="" />
   <keyValuePair key="c_axi_data_width" value="64" description="" />
   <keyValuePair key="c_axi_id_width" value="1" description="" />
   <keyValuePair key="c_axi_len_width" value="8" description="" />
   <keyValuePair key="c_axi_lock_width" value="1" description="" />
   <keyValuePair key="c_axi_ruser_width" value="1" description="" />
   <keyValuePair key="c_axi_type" value="1" description="" />
   <keyValuePair key="c_axi_wuser_width" value="1" description="" />
   <keyValuePair key="c_axis_tdata_width" value="8" description="" />
   <keyValuePair key="c_axis_tdest_width" value="1" description="" />
   <keyValuePair key="c_axis_tid_width" value="1" description="" />
   <keyValuePair key="c_axis_tkeep_width" value="1" description="" />
   <keyValuePair key="c_axis_tstrb_width" value="1" description="" />
   <keyValuePair key="c_axis_tuser_width" value="4" description="" />
   <keyValuePair key="c_axis_type" value="0" description="" />
   <keyValuePair key="c_common_clock" value="0" description="" />
   <keyValuePair key="c_count_type" value="0" description="" />
   <keyValuePair key="c_data_count_width" value="10" description="" />
   <keyValuePair key="c_default_value" value="BlankString" description="" />
   <keyValuePair key="c_din_width" value="128" description="" />
   <keyValuePair key="c_din_width_axis" value="1" description="" />
   <keyValuePair key="c_din_width_rach" value="32" description="" />
   <keyValuePair key="c_din_width_rdch" value="64" description="" />
   <keyValuePair key="c_din_width_wach" value="1" description="" />
   <keyValuePair key="c_din_width_wdch" value="64" description="" />
   <keyValuePair key="c_din_width_wrch" value="2" description="" />
   <keyValuePair key="c_dout_rst_val" value="0" description="" />
   <keyValuePair key="c_dout_width" value="32" description="" />
   <keyValuePair key="c_en_safety_ckt" value="1" description="" />
   <keyValuePair key="c_enable_rlocs" value="0" description="" />
   <keyValuePair key="c_enable_rst_sync" value="1" description="" />
   <keyValuePair key="c_error_injection_type" value="0" description="" />
   <keyValuePair key="c_error_injection_type_axis" value="0" description="" />
   <keyValuePair key="c_error_injection_type_rach" value="0" description="" />
   <keyValuePair key="c_error_injection_type_rdch" value="0" description="" />
   <keyValuePair key="c_error_injection_type_wach" value="0" description="" />
   <keyValuePair key="c_error_injection_type_wdch" value="0" description="" />
   <keyValuePair key="c_error_injection_type_wrch" value="0" description="" />
   <keyValuePair key="c_family" value="artix7" description="" />
   <keyValuePair key="c_full_flags_rst_val" value="1" description="" />
   <keyValuePair key="c_has_almost_empty" value="0" description="" />
   <keyValuePair key="c_has_almost_full" value="0" description="" />
   <keyValuePair key="c_has_axi_aruser" value="0" description="" />
   <keyValuePair key="c_has_axi_awuser" value="0" description="" />
   <keyValuePair key="c_has_axi_buser" value="0" description="" />
   <keyValuePair key="c_has_axi_id" value="0" description="" />
   <keyValuePair key="c_has_axi_rd_channel" value="1" description="" />
   <keyValuePair key="c_has_axi_ruser" value="0" description="" />
   <keyValuePair key="c_has_axi_wr_channel" value="1" description="" />
   <keyValuePair key="c_has_axi_wuser" value="0" description="" />
   <keyValuePair key="c_has_axis_tdata" value="1" description="" />
   <keyValuePair key="c_has_axis_tdest" value="0" description="" />
   <keyValuePair key="c_has_axis_tid" value="0" description="" />
   <keyValuePair key="c_has_axis_tkeep" value="0" description="" />
   <keyValuePair key="c_has_axis_tlast" value="0" description="" />
   <keyValuePair key="c_has_axis_tready" value="1" description="" />
   <keyValuePair key="c_has_axis_tstrb" value="0" description="" />
   <keyValuePair key="c_has_axis_tuser" value="1" description="" />
   <keyValuePair key="c_has_backup" value="0" description="" />
   <keyValuePair key="c_has_data_count" value="0" description="" />
   <keyValuePair key="c_has_data_counts_axis" value="0" description="" />
   <keyValuePair key="c_has_data_counts_rach" value="0" description="" />
   <keyValuePair key="c_has_data_counts_rdch" value="0" description="" />
   <keyValuePair key="c_has_data_counts_wach" value="0" description="" />
   <keyValuePair key="c_has_data_counts_wdch" value="0" description="" />
   <keyValuePair key="c_has_data_counts_wrch" value="0" description="" />
   <keyValuePair key="c_has_int_clk" value="0" description="" />
   <keyValuePair key="c_has_master_ce" value="0" description="" />
   <keyValuePair key="c_has_meminit_file" value="0" description="" />
   <keyValuePair key="c_has_overflow" value="0" description="" />
   <keyValuePair key="c_has_prog_flags_axis" value="0" description="" />
   <keyValuePair key="c_has_prog_flags_rach" value="0" description="" />
   <keyValuePair key="c_has_prog_flags_rdch" value="0" description="" />
   <keyValuePair key="c_has_prog_flags_wach" value="0" description="" />
   <keyValuePair key="c_has_prog_flags_wdch" value="0" description="" />
   <keyValuePair key="c_has_prog_flags_wrch" value="0" description="" />
   <keyValuePair key="c_has_rd_data_count" value="0" description="" />
   <keyValuePair key="c_has_rd_rst" value="0" description="" />
   <keyValuePair key="c_has_rst" value="1" description="" />
   <keyValuePair key="c_has_slave_ce" value="0" description="" />
   <keyValuePair key="c_has_srst" value="0" description="" />
   <keyValuePair key="c_has_underflow" value="0" description="" />
   <keyValuePair key="c_has_valid" value="0" description="" />
   <keyValuePair key="c_has_wr_ack" value="0" description="" />
   <keyValuePair key="c_has_wr_data_count" value="1" description="" />
   <keyValuePair key="c_has_wr_rst" value="0" description="" />
   <keyValuePair key="c_implementation_type" value="2" description="" />
   <keyValuePair key="c_implementation_type_axis" value="1" description="" />
   <keyValuePair key="c_implementation_type_rach" value="1" description="" />
   <keyValuePair key="c_implementation_type_rdch" value="1" description="" />
   <keyValuePair key="c_implementation_type_wach" value="1" description="" />
   <keyValuePair key="c_implementation_type_wdch" value="1" description="" />
   <keyValuePair key="c_implementation_type_wrch" value="1" description="" />
   <keyValuePair key="c_init_wr_pntr_val" value="0" description="" />
   <keyValuePair key="c_interface_type" value="0" description="" />
   <keyValuePair key="c_memory_type" value="1" description="" />
   <keyValuePair key="c_mif_file_name" value="BlankString" description="" />
   <keyValuePair key="c_msgon_val" value="1" description="" />
   <keyValuePair key="c_optimization_mode" value="0" description="" />
   <keyValuePair key="c_overflow_low" value="0" description="" />
   <keyValuePair key="c_power_saving_mode" value="0" description="" />
   <keyValuePair key="c_preload_latency" value="0" description="" />
   <keyValuePair key="c_preload_regs" value="1" description="" />
   <keyValuePair key="c_prim_fifo_type" value="1kx36" description="" />
   <keyValuePair key="c_prim_fifo_type_axis" value="1kx18" description="" />
   <keyValuePair key="c_prim_fifo_type_rach" value="512x36" description="" />
   <keyValuePair key="c_prim_fifo_type_rdch" value="1kx36" description="" />
   <keyValuePair key="c_prim_fifo_type_wach" value="512x36" description="" />
   <keyValuePair key="c_prim_fifo_type_wdch" value="1kx36" description="" />
   <keyValuePair key="c_prim_fifo_type_wrch" value="512x36" description="" />
   <keyValuePair key="c_prog_empty_thresh_assert_val" value="4" description="" />
   <keyValuePair key="c_prog_empty_thresh_assert_val_axis" value="1022" description="" />
   <keyValuePair key="c_prog_empty_thresh_assert_val_rach" value="1022" description="" />
   <keyValuePair key="c_prog_empty_thresh_assert_val_rdch" value="1022" description="" />
   <keyValuePair key="c_prog_empty_thresh_assert_val_wach" value="1022" description="" />
   <keyValuePair key="c_prog_empty_thresh_assert_val_wdch" value="1022" description="" />
   <keyValuePair key="c_prog_empty_thresh_assert_val_wrch" value="1022" description="" />
   <keyValuePair key="c_prog_empty_thresh_negate_val" value="5" description="" />
   <keyValuePair key="c_prog_empty_type" value="0" description="" />
   <keyValuePair key="c_prog_empty_type_axis" value="0" description="" />
   <keyValuePair key="c_prog_empty_type_rach" value="0" description="" />
   <keyValuePair key="c_prog_empty_type_rdch" value="0" description="" />
   <keyValuePair key="c_prog_empty_type_wach" value="0" description="" />
   <keyValuePair key="c_prog_empty_type_wdch" value="0" description="" />
   <keyValuePair key="c_prog_empty_type_wrch" value="0" description="" />
   <keyValuePair key="c_prog_full_thresh_assert_val" value="1021" description="" />
   <keyValuePair key="c_prog_full_thresh_assert_val_axis" value="1023" description="" />
   <keyValuePair key="c_prog_full_thresh_assert_val_rach" value="1023" description="" />
   <keyValuePair key="c_prog_full_thresh_assert_val_rdch" value="1023" description="" />
   <keyValuePair key="c_prog_full_thresh_assert_val_wach" value="1023" description="" />
   <keyValuePair key="c_prog_full_thresh_assert_val_wdch" value="1023" description="" />
   <keyValuePair key="c_prog_full_thresh_assert_val_wrch" value="1023" description="" />
   <keyValuePair key="c_prog_full_thresh_negate_val" value="1020" description="" />
   <keyValuePair key="c_prog_full_type" value="0" description="" />
   <keyValuePair key="c_prog_full_type_axis" value="0" description="" />
   <keyValuePair key="c_prog_full_type_rach" value="0" description="" />
   <keyValuePair key="c_prog_full_type_rdch" value="0" description="" />
   <keyValuePair key="c_prog_full_type_wach" value="0" description="" />
   <keyValuePair key="c_prog_full_type_wdch" value="0" description="" />
   <keyValuePair key="c_prog_full_type_wrch" value="0" description="" />
   <keyValuePair key="c_rach_type" value="0" description="" />
   <keyValuePair key="c_rd_data_count_width" value="12" description="" />
   <keyValuePair key="c_rd_depth" value="4096" description="" />
   <keyValuePair key="c_rd_freq" value="1" description="" />
   <keyValuePair key="c_rd_pntr_width" value="12" description="" />
   <keyValuePair key="c_rdch_type" value="0" description="" />
   <keyValuePair key="c_reg_slice_mode_axis" value="0" description="" />
   <keyValuePair key="c_reg_slice_mode_rach" value="0" description="" />
   <keyValuePair key="c_reg_slice_mode_rdch" value="0" description="" />
   <keyValuePair key="c_reg_slice_mode_wach" value="0" description="" />
   <keyValuePair key="c_reg_slice_mode_wdch" value="0" description="" />
   <keyValuePair key="c_reg_slice_mode_wrch" value="0" description="" />
   <keyValuePair key="c_select_xpm" value="0" description="" />
   <keyValuePair key="c_synchronizer_stage" value="2" description="" />
   <keyValuePair key="c_underflow_low" value="0" description="" />
   <keyValuePair key="c_use_common_overflow" value="0" description="" />
   <keyValuePair key="c_use_common_underflow" value="0" description="" />
   <keyValuePair key="c_use_default_settings" value="0" description="" />
   <keyValuePair key="c_use_dout_rst" value="1" description="" />
   <keyValuePair key="c_use_ecc" value="0" description="" />
   <keyValuePair key="c_use_ecc_axis" value="0" description="" />
   <keyValuePair key="c_use_ecc_rach" value="0" description="" />
   <keyValuePair key="c_use_ecc_rdch" value="0" description="" />
   <keyValuePair key="c_use_ecc_wach" value="0" description="" />
   <keyValuePair key="c_use_ecc_wdch" value="0" description="" />
   <keyValuePair key="c_use_ecc_wrch" value="0" description="" />
   <keyValuePair key="c_use_embedded_reg" value="0" description="" />
   <keyValuePair key="c_use_fifo16_flags" value="0" description="" />
   <keyValuePair key="c_use_fwft_data_count" value="0" description="" />
   <keyValuePair key="c_use_pipeline_reg" value="0" description="" />
   <keyValuePair key="c_valid_low" value="0" description="" />
   <keyValuePair key="c_wach_type" value="0" description="" />
   <keyValuePair key="c_wdch_type" value="0" description="" />
   <keyValuePair key="c_wr_ack_low" value="0" description="" />
   <keyValuePair key="c_wr_data_count_width" value="10" description="" />
   <keyValuePair key="c_wr_depth" value="1024" description="" />
   <keyValuePair key="c_wr_depth_axis" value="1024" description="" />
   <keyValuePair key="c_wr_depth_rach" value="16" description="" />
   <keyValuePair key="c_wr_depth_rdch" value="1024" description="" />
   <keyValuePair key="c_wr_depth_wach" value="16" description="" />
   <keyValuePair key="c_wr_depth_wdch" value="1024" description="" />
   <keyValuePair key="c_wr_depth_wrch" value="16" description="" />
   <keyValuePair key="c_wr_freq" value="1" description="" />
   <keyValuePair key="c_wr_pntr_width" value="10" description="" />
   <keyValuePair key="c_wr_pntr_width_axis" value="10" description="" />
   <keyValuePair key="c_wr_pntr_width_rach" value="4" description="" />
   <keyValuePair key="c_wr_pntr_width_rdch" value="10" description="" />
   <keyValuePair key="c_wr_pntr_width_wach" value="4" description="" />
   <keyValuePair key="c_wr_pntr_width_wdch" value="10" description="" />
   <keyValuePair key="c_wr_pntr_width_wrch" value="4" description="" />
   <keyValuePair key="c_wr_response_latency" value="1" description="" />
   <keyValuePair key="c_wrch_type" value="0" description="" />
   <keyValuePair key="core_container" value="false" description="" />
   <keyValuePair key="iptotal" value="1" description="" />
   <keyValuePair key="x_ipcorerevision" value="5" description="" />
   <keyValuePair key="x_iplanguage" value="VERILOG" description="" />
   <keyValuePair key="x_iplibrary" value="ip" description="" />
   <keyValuePair key="x_ipname" value="fifo_generator" description="" />
   <keyValuePair key="x_ipproduct" value="Vivado 2019.2" description="" />
   <keyValuePair key="x_ipsimlanguage" value="MIXED" description="" />
   <keyValuePair key="x_ipvendor" value="xilinx.com" description="" />
   <keyValuePair key="x_ipversion" value="13.2" description="" />
  </section>
  <section name="mig_7series_v4_2/1" level="2" order="3" description="">
   <keyValuePair key="axi_enable" value="0" description="" />
   <keyValuePair key="burst_mode" value="8" description="" />
   <keyValuePair key="burst_type" value="SEQ" description="" />
   <keyValuePair key="ca_mirror" value="OFF" description="" />
   <keyValuePair key="clk_period" value="2500" description="" />
   <keyValuePair key="clkin_period" value="5000" description="" />
   <keyValuePair key="core_container" value="NA" description="" />
   <keyValuePair key="data_mask" value="1" description="" />
   <keyValuePair key="debug_port" value="OFF" description="" />
   <keyValuePair key="dq_width" value="16" description="" />
   <keyValuePair key="ecc" value="OFF" description="" />
   <keyValuePair key="interface_type" value="DDR3" description="" />
   <keyValuePair key="internal_vref" value="0" description="" />
   <keyValuePair key="iptotal" value="1" description="" />
   <keyValuePair key="language" value="Verilog" description="" />
   <keyValuePair key="level" value="CONTROLLER" description="" />
   <keyValuePair key="memory_address_map" value="BANK_ROW_COLUMN" description="" />
   <keyValuePair key="memory_part" value="mt41k128m16xx-15e" description="" />
   <keyValuePair key="memory_type" value="COMP" description="" />
   <keyValuePair key="no_of_controllers" value="1" description="" />
   <keyValuePair key="ordering" value="STRICT" description="" />
   <keyValuePair key="output_drv" value="HIGH" description="" />
   <keyValuePair key="phy_ratio" value="4" description="" />
   <keyValuePair key="refclk_freq" value="200" description="" />
   <keyValuePair key="refclk_type" value="USE_SYSTEM_CLOCK" description="" />
   <keyValuePair key="rtt_nom" value="60" description="" />
   <keyValuePair key="synthesis_tool" value="Vivado" description="" />
   <keyValuePair key="sysclk_type" value="NO_BUFFER" description="" />
   <keyValuePair key="use_cs_port" value="1" description="" />
   <keyValuePair key="use_odt_port" value="1" description="" />
   <keyValuePair key="vccaux_io" value="1.8V" description="" />
  </section>
  <section name="xpm_cdc_gray/1" level="2" order="4" description="">
   <keyValuePair key="core_container" value="NA" description="" />
   <keyValuePair key="dest_sync_ff" value="2" description="" />
   <keyValuePair key="init_sync_ff" value="0" description="" />
   <keyValuePair key="iptotal" value="2" description="" />
   <keyValuePair key="reg_output" value="1" description="" />
   <keyValuePair key="sim_assert_chk" value="0" description="" />
   <keyValuePair key="sim_lossless_gray_chk" value="0" description="" />
   <keyValuePair key="version" value="0" description="" />
   <keyValuePair key="width" value="12" description="" />
  </section>
  <section name="xpm_cdc_single/1" level="2" order="5" description="">
   <keyValuePair key="core_container" value="NA" description="" />
   <keyValuePair key="dest_sync_ff" value="5" description="" />
   <keyValuePair key="init_sync_ff" value="0" description="" />
   <keyValuePair key="iptotal" value="2" description="" />
   <keyValuePair key="sim_assert_chk" value="0" description="" />
   <keyValuePair key="src_input_reg" value="0" description="" />
   <keyValuePair key="version" value="0" description="" />
  </section>
  <section name="xpm_cdc_sync_rst/1" level="2" order="6" description="">
   <keyValuePair key="core_container" value="NA" description="" />
   <keyValuePair key="def_val" value="1&apos;b1" description="" />
   <keyValuePair key="dest_sync_ff" value="5" description="" />
   <keyValuePair key="init" value="1" description="" />
   <keyValuePair key="init_sync_ff" value="0" description="" />
   <keyValuePair key="iptotal" value="2" description="" />
   <keyValuePair key="sim_assert_chk" value="0" description="" />
   <keyValuePair key="version" value="0" description="" />
  </section>
 </section>
 <section name="phys_opt_design_post_place" level="1" order="4" description="">
  <section name="command_line_options" level="2" order="1" description="">
   <keyValuePair key="-aggressive_hold_fix" value="default::[not_specified]" description="" />
   <keyValuePair key="-bram_register_opt" value="default::[not_specified]" description="" />
   <keyValuePair key="-clock_opt" value="default::[not_specified]" description="" />
   <keyValuePair key="-critical_cell_opt" value="default::[not_specified]" description="" />
   <keyValuePair key="-critical_pin_opt" value="default::[not_specified]" description="" />
   <keyValuePair key="-directive" value="default::[not_specified]" description="" />
   <keyValuePair key="-dsp_register_opt" value="default::[not_specified]" description="" />
   <keyValuePair key="-effort_level" value="default::[not_specified]" description="" />
   <keyValuePair key="-fanout_opt" value="default::[not_specified]" description="" />
   <keyValuePair key="-hold_fix" value="default::[not_specified]" description="" />
   <keyValuePair key="-insert_negative_edge_ffs" value="default::[not_specified]" description="" />
   <keyValuePair key="-multi_clock_opt" value="default::[not_specified]" description="" />
   <keyValuePair key="-placement_opt" value="default::[not_specified]" description="" />
   <keyValuePair key="-restruct_opt" value="default::[not_specified]" description="" />
   <keyValuePair key="-retime" value="default::[not_specified]" description="" />
   <keyValuePair key="-rewire" value="default::[not_specified]" description="" />
   <keyValuePair key="-shift_register_opt" value="default::[not_specified]" description="" />
   <keyValuePair key="-uram_register_opt" value="default::[not_specified]" description="" />
   <keyValuePair key="-verbose" value="default::[not_specified]" description="" />
   <keyValuePair key="-vhfn" value="default::[not_specified]" description="" />
  </section>
 </section>
 <section name="power_opt_design" level="1" order="5" description="">
  <section name="command_line_options_spo" level="2" order="1" description="">
   <keyValuePair key="-cell_types" value="default::all" description="" />
   <keyValuePair key="-clocks" value="default::[not_specified]" description="" />
   <keyValuePair key="-exclude_cells" value="default::[not_specified]" description="" />
   <keyValuePair key="-include_cells" value="default::[not_specified]" description="" />
  </section>
  <section name="usage" level="2" order="2" description="">
   <keyValuePair key="bram_ports_augmented" value="0" description="" />
   <keyValuePair key="bram_ports_newly_gated" value="3" description="" />
   <keyValuePair key="bram_ports_total" value="6" description="" />
   <keyValuePair key="flow_state" value="default" description="" />
   <keyValuePair key="slice_registers_augmented" value="0" description="" />
   <keyValuePair key="slice_registers_newly_gated" value="0" description="" />
   <keyValuePair key="slice_registers_total" value="4614" description="" />
   <keyValuePair key="srls_augmented" value="0" description="" />
   <keyValuePair key="srls_newly_gated" value="0" description="" />
   <keyValuePair key="srls_total" value="20" description="" />
  </section>
 </section>
 <section name="report_drc" level="1" order="6" description="">
  <section name="command_line_options" level="2" order="1" description="">
   <keyValuePair key="-append" value="default::[not_specified]" description="" />
   <keyValuePair key="-checks" value="default::[not_specified]" description="" />
   <keyValuePair key="-fail_on" value="default::[not_specified]" description="" />
   <keyValuePair key="-force" value="default::[not_specified]" description="" />
   <keyValuePair key="-format" value="default::[not_specified]" description="" />
   <keyValuePair key="-internal" value="default::[not_specified]" description="" />
   <keyValuePair key="-internal_only" value="default::[not_specified]" description="" />
   <keyValuePair key="-messages" value="default::[not_specified]" description="" />
   <keyValuePair key="-name" value="default::[not_specified]" description="" />
   <keyValuePair key="-no_waivers" value="default::[not_specified]" description="" />
   <keyValuePair key="-return_string" value="default::[not_specified]" description="" />
   <keyValuePair key="-ruledecks" value="default::[not_specified]" description="" />
   <keyValuePair key="-upgrade_cw" value="default::[not_specified]" description="" />
   <keyValuePair key="-waived" value="default::[not_specified]" description="" />
  </section>
  <section name="results" level="2" order="2" description="">
   <keyValuePair key="aval-70" value="4" description="" />
   <keyValuePair key="bufc-1" value="2" description="" />
   <keyValuePair key="cfgbvs-1" value="1" description="" />
   <keyValuePair key="reqp-1709" value="1" description="" />
   <keyValuePair key="rtstat-10" value="1" description="" />
  </section>
 </section>
 <section name="report_methodology" level="1" order="7" description="">
  <section name="command_line_options" level="2" order="1" description="">
   <keyValuePair key="-append" value="default::[not_specified]" description="" />
   <keyValuePair key="-checks" value="default::[not_specified]" description="" />
   <keyValuePair key="-fail_on" value="default::[not_specified]" description="" />
   <keyValuePair key="-force" value="default::[not_specified]" description="" />
   <keyValuePair key="-format" value="default::[not_specified]" description="" />
   <keyValuePair key="-messages" value="default::[not_specified]" description="" />
   <keyValuePair key="-name" value="default::[not_specified]" description="" />
   <keyValuePair key="-return_string" value="default::[not_specified]" description="" />
   <keyValuePair key="-slack_lesser_than" value="default::[not_specified]" description="" />
   <keyValuePair key="-waived" value="default::[not_specified]" description="" />
  </section>
  <section name="results" level="2" order="2" description="">
   <keyValuePair key="lutar-1" value="2" description="" />
   <keyValuePair key="pdrc-190" value="13" description="" />
   <keyValuePair key="reqp-1959" value="16" description="" />
   <keyValuePair key="timing-17" value="192" description="" />
   <keyValuePair key="timing-27" value="1" description="" />
   <keyValuePair key="xdcb-5" value="1" description="" />
  </section>
 </section>
 <section name="report_power" level="1" order="8" description="">
  <section name="command_line_options" level="2" order="1" description="">
   <keyValuePair key="-advisory" value="default::[not_specified]" description="" />
   <keyValuePair key="-append" value="default::[not_specified]" description="" />
   <keyValuePair key="-file" value="[specified]" description="" />
   <keyValuePair key="-format" value="default::text" description="" />
   <keyValuePair key="-hier" value="default::power" description="" />
   <keyValuePair key="-hierarchical_depth" value="default::4" description="" />
   <keyValuePair key="-l" value="default::[not_specified]" description="" />
   <keyValuePair key="-name" value="default::[not_specified]" description="" />
   <keyValuePair key="-no_propagation" value="default::[not_specified]" description="" />
   <keyValuePair key="-return_string" value="default::[not_specified]" description="" />
   <keyValuePair key="-rpx" value="[specified]" description="" />
   <keyValuePair key="-verbose" value="default::[not_specified]" description="" />
   <keyValuePair key="-vid" value="default::[not_specified]" description="" />
   <keyValuePair key="-xpe" value="default::[not_specified]" description="" />
  </section>
  <section name="usage" level="2" order="2" description="">
   <keyValuePair key="airflow" value="250 (LFM)" description="" />
   <keyValuePair key="ambient_temp" value="25.0 (C)" description="" />
   <keyValuePair key="bi-dir_toggle" value="12.500000" description="" />
   <keyValuePair key="bidir_output_enable" value="1.000000" description="" />
   <keyValuePair key="board_layers" value="12to15 (12 to 15 Layers)" description="" />
   <keyValuePair key="board_selection" value="medium (10&quot;x10&quot;)" description="" />
   <keyValuePair key="bram" value="0.000142" description="" />
   <keyValuePair key="clocks" value="0.032402" description="" />
   <keyValuePair key="confidence_level_clock_activity" value="High" description="" />
   <keyValuePair key="confidence_level_design_state" value="High" description="" />
   <keyValuePair key="confidence_level_device_models" value="High" description="" />
   <keyValuePair key="confidence_level_internal_activity" value="Medium" description="" />
   <keyValuePair key="confidence_level_io_activity" value="Low" description="" />
   <keyValuePair key="confidence_level_overall" value="Low" description="" />
   <keyValuePair key="customer" value="TBD" description="" />
   <keyValuePair key="customer_class" value="TBD" description="" />
   <keyValuePair key="devstatic" value="0.074544" description="" />
   <keyValuePair key="die" value="xc7a35tfgg484-1" description="" />
   <keyValuePair key="dsp_output_toggle" value="12.500000" description="" />
   <keyValuePair key="dynamic" value="0.991826" description="" />
   <keyValuePair key="effective_thetaja" value="2.8" description="" />
   <keyValuePair key="enable_probability" value="0.990000" description="" />
   <keyValuePair key="family" value="artix7" description="" />
   <keyValuePair key="ff_toggle" value="12.500000" description="" />
   <keyValuePair key="flow_state" value="routed" description="" />
   <keyValuePair key="heatsink" value="medium (Medium Profile)" description="" />
   <keyValuePair key="i/o" value="0.427358" description="" />
   <keyValuePair key="input_toggle" value="12.500000" description="" />
   <keyValuePair key="junction_temp" value="28.0 (C)" description="" />
   <keyValuePair key="logic" value="0.011051" description="" />
   <keyValuePair key="mgtavcc_dynamic_current" value="0.000000" description="" />
   <keyValuePair key="mgtavcc_static_current" value="0.000000" description="" />
   <keyValuePair key="mgtavcc_total_current" value="0.000000" description="" />
   <keyValuePair key="mgtavcc_voltage" value="1.000000" description="" />
   <keyValuePair key="mgtavtt_dynamic_current" value="0.000000" description="" />
   <keyValuePair key="mgtavtt_static_current" value="0.000000" description="" />
   <keyValuePair key="mgtavtt_total_current" value="0.000000" description="" />
   <keyValuePair key="mgtavtt_voltage" value="1.200000" description="" />
   <keyValuePair key="mmcm" value="0.188465" description="" />
   <keyValuePair key="netlist_net_matched" value="NA" description="" />
   <keyValuePair key="off-chip_power" value="0.000000" description="" />
   <keyValuePair key="on-chip_power" value="1.066370" description="" />
   <keyValuePair key="output_enable" value="1.000000" description="" />
   <keyValuePair key="output_load" value="5.000000" description="" />
   <keyValuePair key="output_toggle" value="12.500000" description="" />
   <keyValuePair key="package" value="fgg484" description="" />
   <keyValuePair key="pct_clock_constrained" value="7.000000" description="" />
   <keyValuePair key="pct_inputs_defined" value="0" description="" />
   <keyValuePair key="phaser" value="0.223709" description="" />
   <keyValuePair key="platform" value="nt64" description="" />
   <keyValuePair key="pll" value="0.092352" description="" />
   <keyValuePair key="process" value="typical" description="" />
   <keyValuePair key="ram_enable" value="50.000000" description="" />
   <keyValuePair key="ram_write" value="50.000000" description="" />
   <keyValuePair key="read_saif" value="False" description="" />
   <keyValuePair key="set/reset_probability" value="0.000000" description="" />
   <keyValuePair key="signal_rate" value="False" description="" />
   <keyValuePair key="signals" value="0.012465" description="" />
   <keyValuePair key="simulation_file" value="None" description="" />
   <keyValuePair key="speedgrade" value="-1" description="" />
   <keyValuePair key="static_prob" value="False" description="" />
   <keyValuePair key="temp_grade" value="commercial" description="" />
   <keyValuePair key="thetajb" value="9.1 (C/W)" description="" />
   <keyValuePair key="thetasa" value="4.6 (C/W)" description="" />
   <keyValuePair key="toggle_rate" value="False" description="" />
   <keyValuePair key="user_board_temp" value="25.0 (C)" description="" />
   <keyValuePair key="user_effective_thetaja" value="2.8" description="" />
   <keyValuePair key="user_junc_temp" value="28.0 (C)" description="" />
   <keyValuePair key="user_thetajb" value="9.1 (C/W)" description="" />
   <keyValuePair key="user_thetasa" value="4.6 (C/W)" description="" />
   <keyValuePair key="vccadc_dynamic_current" value="0.001600" description="" />
   <keyValuePair key="vccadc_static_current" value="0.020000" description="" />
   <keyValuePair key="vccadc_total_current" value="0.021600" description="" />
   <keyValuePair key="vccadc_voltage" value="1.800000" description="" />
   <keyValuePair key="vccaux_dynamic_current" value="0.308160" description="" />
   <keyValuePair key="vccaux_io_dynamic_current" value="0.000000" description="" />
   <keyValuePair key="vccaux_io_static_current" value="0.000000" description="" />
   <keyValuePair key="vccaux_io_total_current" value="0.000000" description="" />
   <keyValuePair key="vccaux_io_voltage" value="1.800000" description="" />
   <keyValuePair key="vccaux_static_current" value="0.012693" description="" />
   <keyValuePair key="vccaux_total_current" value="0.320852" description="" />
   <keyValuePair key="vccaux_voltage" value="1.800000" description="" />
   <keyValuePair key="vccbram_dynamic_current" value="0.000012" description="" />
   <keyValuePair key="vccbram_static_current" value="0.000252" description="" />
   <keyValuePair key="vccbram_total_current" value="0.000264" description="" />
   <keyValuePair key="vccbram_voltage" value="1.000000" description="" />
   <keyValuePair key="vccint_dynamic_current" value="0.115067" description="" />
   <keyValuePair key="vccint_static_current" value="0.010645" description="" />
   <keyValuePair key="vccint_total_current" value="0.125712" description="" />
   <keyValuePair key="vccint_voltage" value="1.000000" description="" />
   <keyValuePair key="vcco12_dynamic_current" value="0.000000" description="" />
   <keyValuePair key="vcco12_static_current" value="0.000000" description="" />
   <keyValuePair key="vcco12_total_current" value="0.000000" description="" />
   <keyValuePair key="vcco12_voltage" value="1.200000" description="" />
   <keyValuePair key="vcco135_dynamic_current" value="0.000000" description="" />
   <keyValuePair key="vcco135_static_current" value="0.000000" description="" />
   <keyValuePair key="vcco135_total_current" value="0.000000" description="" />
   <keyValuePair key="vcco135_voltage" value="1.350000" description="" />
   <keyValuePair key="vcco15_dynamic_current" value="0.125666" description="" />
   <keyValuePair key="vcco15_static_current" value="0.001000" description="" />
   <keyValuePair key="vcco15_total_current" value="0.126666" description="" />
   <keyValuePair key="vcco15_voltage" value="1.500000" description="" />
   <keyValuePair key="vcco18_dynamic_current" value="0.000000" description="" />
   <keyValuePair key="vcco18_static_current" value="0.000000" description="" />
   <keyValuePair key="vcco18_total_current" value="0.000000" description="" />
   <keyValuePair key="vcco18_voltage" value="1.800000" description="" />
   <keyValuePair key="vcco25_dynamic_current" value="0.000000" description="" />
   <keyValuePair key="vcco25_static_current" value="0.000000" description="" />
   <keyValuePair key="vcco25_total_current" value="0.000000" description="" />
   <keyValuePair key="vcco25_voltage" value="2.500000" description="" />
   <keyValuePair key="vcco33_dynamic_current" value="0.039600" description="" />
   <keyValuePair key="vcco33_static_current" value="0.001000" description="" />
   <keyValuePair key="vcco33_total_current" value="0.040600" description="" />
   <keyValuePair key="vcco33_voltage" value="3.300000" description="" />
   <keyValuePair key="version" value="2019.2" description="" />
   <keyValuePair key="xadc" value="0.003880" description="" />
  </section>
 </section>
 <section name="report_utilization" level="1" order="9" description="">
  <section name="clocking" level="2" order="1" description="">
   <keyValuePair key="bufgctrl_available" value="32" description="" />
   <keyValuePair key="bufgctrl_fixed" value="0" description="" />
   <keyValuePair key="bufgctrl_used" value="6" description="" />
   <keyValuePair key="bufgctrl_util_percentage" value="18.75" description="" />
   <keyValuePair key="bufhce_available" value="72" description="" />
   <keyValuePair key="bufhce_fixed" value="0" description="" />
   <keyValuePair key="bufhce_used" value="1" description="" />
   <keyValuePair key="bufhce_util_percentage" value="1.39" description="" />
   <keyValuePair key="bufio_available" value="20" description="" />
   <keyValuePair key="bufio_fixed" value="0" description="" />
   <keyValuePair key="bufio_used" value="0" description="" />
   <keyValuePair key="bufio_util_percentage" value="0.00" description="" />
   <keyValuePair key="bufmrce_available" value="10" description="" />
   <keyValuePair key="bufmrce_fixed" value="0" description="" />
   <keyValuePair key="bufmrce_used" value="0" description="" />
   <keyValuePair key="bufmrce_util_percentage" value="0.00" description="" />
   <keyValuePair key="bufr_available" value="20" description="" />
   <keyValuePair key="bufr_fixed" value="0" description="" />
   <keyValuePair key="bufr_used" value="0" description="" />
   <keyValuePair key="bufr_util_percentage" value="0.00" description="" />
   <keyValuePair key="mmcme2_adv_available" value="5" description="" />
   <keyValuePair key="mmcme2_adv_fixed" value="1" description="" />
   <keyValuePair key="mmcme2_adv_used" value="2" description="" />
   <keyValuePair key="mmcme2_adv_util_percentage" value="40.00" description="" />
   <keyValuePair key="plle2_adv_available" value="5" description="" />
   <keyValuePair key="plle2_adv_fixed" value="1" description="" />
   <keyValuePair key="plle2_adv_used" value="1" description="" />
   <keyValuePair key="plle2_adv_util_percentage" value="20.00" description="" />
  </section>
  <section name="dsp" level="2" order="2" description="">
   <keyValuePair key="dsps_available" value="90" description="" />
   <keyValuePair key="dsps_fixed" value="0" description="" />
   <keyValuePair key="dsps_used" value="0" description="" />
   <keyValuePair key="dsps_util_percentage" value="0.00" description="" />
  </section>
  <section name="io_standard" level="2" order="3" description="">
   <keyValuePair key="blvds_25" value="0" description="" />
   <keyValuePair key="diff_hstl_i" value="0" description="" />
   <keyValuePair key="diff_hstl_i_18" value="0" description="" />
   <keyValuePair key="diff_hstl_ii" value="0" description="" />
   <keyValuePair key="diff_hstl_ii_18" value="0" description="" />
   <keyValuePair key="diff_hsul_12" value="0" description="" />
   <keyValuePair key="diff_mobile_ddr" value="0" description="" />
   <keyValuePair key="diff_sstl135" value="0" description="" />
   <keyValuePair key="diff_sstl135_r" value="0" description="" />
   <keyValuePair key="diff_sstl15" value="1" description="" />
   <keyValuePair key="diff_sstl15_r" value="0" description="" />
   <keyValuePair key="diff_sstl18_i" value="0" description="" />
   <keyValuePair key="diff_sstl18_ii" value="0" description="" />
   <keyValuePair key="hstl_i" value="0" description="" />
   <keyValuePair key="hstl_i_18" value="0" description="" />
   <keyValuePair key="hstl_ii" value="0" description="" />
   <keyValuePair key="hstl_ii_18" value="0" description="" />
   <keyValuePair key="hsul_12" value="0" description="" />
   <keyValuePair key="lvcmos12" value="0" description="" />
   <keyValuePair key="lvcmos15" value="1" description="" />
   <keyValuePair key="lvcmos18" value="0" description="" />
   <keyValuePair key="lvcmos25" value="0" description="" />
   <keyValuePair key="lvcmos33" value="1" description="" />
   <keyValuePair key="lvds_25" value="0" description="" />
   <keyValuePair key="lvttl" value="0" description="" />
   <keyValuePair key="mini_lvds_25" value="0" description="" />
   <keyValuePair key="mobile_ddr" value="0" description="" />
   <keyValuePair key="pci33_3" value="0" description="" />
   <keyValuePair key="ppds_25" value="0" description="" />
   <keyValuePair key="rsds_25" value="0" description="" />
   <keyValuePair key="sstl135" value="1" description="" />
   <keyValuePair key="sstl135_r" value="0" description="" />
   <keyValuePair key="sstl15" value="1" description="" />
   <keyValuePair key="sstl15_r" value="0" description="" />
   <keyValuePair key="sstl18_i" value="0" description="" />
   <keyValuePair key="sstl18_ii" value="0" description="" />
   <keyValuePair key="tmds_33" value="1" description="" />
  </section>
  <section name="memory" level="2" order="4" description="">
   <keyValuePair key="block_ram_tile_available" value="50" description="" />
   <keyValuePair key="block_ram_tile_fixed" value="0" description="" />
   <keyValuePair key="block_ram_tile_used" value="3" description="" />
   <keyValuePair key="block_ram_tile_util_percentage" value="6.00" description="" />
   <keyValuePair key="ramb18_available" value="100" description="" />
   <keyValuePair key="ramb18_fixed" value="0" description="" />
   <keyValuePair key="ramb18_used" value="0" description="" />
   <keyValuePair key="ramb18_util_percentage" value="0.00" description="" />
   <keyValuePair key="ramb36_fifo_available" value="50" description="" />
   <keyValuePair key="ramb36_fifo_fixed" value="0" description="" />
   <keyValuePair key="ramb36_fifo_used" value="3" description="" />
   <keyValuePair key="ramb36_fifo_util_percentage" value="6.00" description="" />
   <keyValuePair key="ramb36e1_only_used" value="3" description="" />
  </section>
  <section name="primitives" level="2" order="5" description="">
   <keyValuePair key="bufg_functional_category" value="Clock" description="" />
   <keyValuePair key="bufg_used" value="6" description="" />
   <keyValuePair key="bufh_functional_category" value="Clock" description="" />
   <keyValuePair key="bufh_used" value="1" description="" />
   <keyValuePair key="carry4_functional_category" value="CarryLogic" description="" />
   <keyValuePair key="carry4_used" value="197" description="" />
   <keyValuePair key="fdce_functional_category" value="Flop &amp; Latch" description="" />
   <keyValuePair key="fdce_used" value="45" description="" />
   <keyValuePair key="fdpe_functional_category" value="Flop &amp; Latch" description="" />
   <keyValuePair key="fdpe_used" value="50" description="" />
   <keyValuePair key="fdre_functional_category" value="Flop &amp; Latch" description="" />
   <keyValuePair key="fdre_used" value="4317" description="" />
   <keyValuePair key="fdse_functional_category" value="Flop &amp; Latch" description="" />
   <keyValuePair key="fdse_used" value="202" description="" />
   <keyValuePair key="ibuf_functional_category" value="IO" description="" />
   <keyValuePair key="ibuf_intermdisable_functional_category" value="IO" description="" />
   <keyValuePair key="ibuf_intermdisable_used" value="16" description="" />
   <keyValuePair key="ibuf_used" value="2" description="" />
   <keyValuePair key="ibufds_intermdisable_int_functional_category" value="IO" description="" />
   <keyValuePair key="ibufds_intermdisable_int_used" value="4" description="" />
   <keyValuePair key="idelayctrl_functional_category" value="IO" description="" />
   <keyValuePair key="idelayctrl_used" value="1" description="" />
   <keyValuePair key="idelaye2_functional_category" value="IO" description="" />
   <keyValuePair key="idelaye2_used" value="16" description="" />
   <keyValuePair key="in_fifo_functional_category" value="IO" description="" />
   <keyValuePair key="in_fifo_used" value="2" description="" />
   <keyValuePair key="inv_functional_category" value="LUT" description="" />
   <keyValuePair key="inv_used" value="3" description="" />
   <keyValuePair key="iserdese2_functional_category" value="IO" description="" />
   <keyValuePair key="iserdese2_used" value="16" description="" />
   <keyValuePair key="lut1_functional_category" value="LUT" description="" />
   <keyValuePair key="lut1_used" value="356" description="" />
   <keyValuePair key="lut2_functional_category" value="LUT" description="" />
   <keyValuePair key="lut2_used" value="613" description="" />
   <keyValuePair key="lut3_functional_category" value="LUT" description="" />
   <keyValuePair key="lut3_used" value="1004" description="" />
   <keyValuePair key="lut4_functional_category" value="LUT" description="" />
   <keyValuePair key="lut4_used" value="1056" description="" />
   <keyValuePair key="lut5_functional_category" value="LUT" description="" />
   <keyValuePair key="lut5_used" value="1250" description="" />
   <keyValuePair key="lut6_functional_category" value="LUT" description="" />
   <keyValuePair key="lut6_used" value="1555" description="" />
   <keyValuePair key="mmcme2_adv_functional_category" value="Clock" description="" />
   <keyValuePair key="mmcme2_adv_used" value="2" description="" />
   <keyValuePair key="muxf7_functional_category" value="MuxFx" description="" />
   <keyValuePair key="muxf7_used" value="4" description="" />
   <keyValuePair key="obuf_functional_category" value="IO" description="" />
   <keyValuePair key="obuf_used" value="24" description="" />
   <keyValuePair key="obufds_functional_category" value="IO" description="" />
   <keyValuePair key="obufds_used" value="6" description="" />
   <keyValuePair key="obuft_functional_category" value="IO" description="" />
   <keyValuePair key="obuft_used" value="18" description="" />
   <keyValuePair key="obuftds_functional_category" value="IO" description="" />
   <keyValuePair key="obuftds_used" value="4" description="" />
   <keyValuePair key="oddr_functional_category" value="IO" description="" />
   <keyValuePair key="oddr_used" value="5" description="" />
   <keyValuePair key="oserdese2_functional_category" value="IO" description="" />
   <keyValuePair key="oserdese2_used" value="51" description="" />
   <keyValuePair key="out_fifo_functional_category" value="IO" description="" />
   <keyValuePair key="out_fifo_used" value="6" description="" />
   <keyValuePair key="phaser_in_phy_functional_category" value="IO" description="" />
   <keyValuePair key="phaser_in_phy_used" value="2" description="" />
   <keyValuePair key="phaser_out_phy_functional_category" value="IO" description="" />
   <keyValuePair key="phaser_out_phy_used" value="6" description="" />
   <keyValuePair key="phaser_ref_functional_category" value="IO" description="" />
   <keyValuePair key="phaser_ref_used" value="2" description="" />
   <keyValuePair key="phy_control_functional_category" value="IO" description="" />
   <keyValuePair key="phy_control_used" value="2" description="" />
   <keyValuePair key="plle2_adv_functional_category" value="Clock" description="" />
   <keyValuePair key="plle2_adv_used" value="1" description="" />
   <keyValuePair key="ramb36e1_functional_category" value="Block Memory" description="" />
   <keyValuePair key="ramb36e1_used" value="3" description="" />
   <keyValuePair key="ramd32_functional_category" value="Distributed Memory" description="" />
   <keyValuePair key="ramd32_used" value="666" description="" />
   <keyValuePair key="rams32_functional_category" value="Distributed Memory" description="" />
   <keyValuePair key="rams32_used" value="222" description="" />
   <keyValuePair key="srl16e_functional_category" value="Distributed Memory" description="" />
   <keyValuePair key="srl16e_used" value="20" description="" />
   <keyValuePair key="xadc_functional_category" value="Others" description="" />
   <keyValuePair key="xadc_used" value="1" description="" />
  </section>
  <section name="slice_logic" level="2" order="6" description="">
   <keyValuePair key="f7_muxes_available" value="16300" description="" />
   <keyValuePair key="f7_muxes_fixed" value="0" description="" />
   <keyValuePair key="f7_muxes_used" value="4" description="" />
   <keyValuePair key="f7_muxes_util_percentage" value="0.02" description="" />
   <keyValuePair key="f8_muxes_available" value="8150" description="" />
   <keyValuePair key="f8_muxes_fixed" value="0" description="" />
   <keyValuePair key="f8_muxes_used" value="0" description="" />
   <keyValuePair key="f8_muxes_util_percentage" value="0.00" description="" />
   <keyValuePair key="lut_as_distributed_ram_fixed" value="0" description="" />
   <keyValuePair key="lut_as_distributed_ram_fixed" value="0" description="" />
   <keyValuePair key="lut_as_distributed_ram_used" value="444" description="" />
   <keyValuePair key="lut_as_distributed_ram_used" value="444" description="" />
   <keyValuePair key="lut_as_logic_available" value="20800" description="" />
   <keyValuePair key="lut_as_logic_available" value="20800" description="" />
   <keyValuePair key="lut_as_logic_fixed" value="0" description="" />
   <keyValuePair key="lut_as_logic_fixed" value="0" description="" />
   <keyValuePair key="lut_as_logic_used" value="4556" description="" />
   <keyValuePair key="lut_as_logic_used" value="4556" description="" />
   <keyValuePair key="lut_as_logic_util_percentage" value="21.90" description="" />
   <keyValuePair key="lut_as_logic_util_percentage" value="21.90" description="" />
   <keyValuePair key="lut_as_memory_available" value="9600" description="" />
   <keyValuePair key="lut_as_memory_available" value="9600" description="" />
   <keyValuePair key="lut_as_memory_fixed" value="0" description="" />
   <keyValuePair key="lut_as_memory_fixed" value="0" description="" />
   <keyValuePair key="lut_as_memory_used" value="464" description="" />
   <keyValuePair key="lut_as_memory_used" value="464" description="" />
   <keyValuePair key="lut_as_memory_util_percentage" value="4.83" description="" />
   <keyValuePair key="lut_as_memory_util_percentage" value="4.83" description="" />
   <keyValuePair key="lut_as_shift_register_fixed" value="0" description="" />
   <keyValuePair key="lut_as_shift_register_fixed" value="0" description="" />
   <keyValuePair key="lut_as_shift_register_used" value="20" description="" />
   <keyValuePair key="lut_as_shift_register_used" value="20" description="" />
   <keyValuePair key="lut_in_front_of_the_register_is_unused_fixed" value="20" description="" />
   <keyValuePair key="lut_in_front_of_the_register_is_unused_used" value="1048" description="" />
   <keyValuePair key="lut_in_front_of_the_register_is_used_fixed" value="1048" description="" />
   <keyValuePair key="lut_in_front_of_the_register_is_used_used" value="761" description="" />
   <keyValuePair key="register_as_flip_flop_available" value="41600" description="" />
   <keyValuePair key="register_as_flip_flop_fixed" value="0" description="" />
   <keyValuePair key="register_as_flip_flop_used" value="4614" description="" />
   <keyValuePair key="register_as_flip_flop_util_percentage" value="11.09" description="" />
   <keyValuePair key="register_as_latch_available" value="41600" description="" />
   <keyValuePair key="register_as_latch_fixed" value="0" description="" />
   <keyValuePair key="register_as_latch_used" value="0" description="" />
   <keyValuePair key="register_as_latch_util_percentage" value="0.00" description="" />
   <keyValuePair key="register_driven_from_outside_the_slice_fixed" value="761" description="" />
   <keyValuePair key="register_driven_from_outside_the_slice_used" value="1809" description="" />
   <keyValuePair key="register_driven_from_within_the_slice_fixed" value="1809" description="" />
   <keyValuePair key="register_driven_from_within_the_slice_used" value="2805" description="" />
   <keyValuePair key="slice_available" value="8150" description="" />
   <keyValuePair key="slice_fixed" value="0" description="" />
   <keyValuePair key="slice_luts_available" value="20800" description="" />
   <keyValuePair key="slice_luts_fixed" value="0" description="" />
   <keyValuePair key="slice_luts_used" value="5020" description="" />
   <keyValuePair key="slice_luts_util_percentage" value="24.13" description="" />
   <keyValuePair key="slice_registers_available" value="41600" description="" />
   <keyValuePair key="slice_registers_available" value="41600" description="" />
   <keyValuePair key="slice_registers_fixed" value="0" description="" />
   <keyValuePair key="slice_registers_fixed" value="0" description="" />
   <keyValuePair key="slice_registers_used" value="4614" description="" />
   <keyValuePair key="slice_registers_used" value="4614" description="" />
   <keyValuePair key="slice_registers_util_percentage" value="11.09" description="" />
   <keyValuePair key="slice_registers_util_percentage" value="11.09" description="" />
   <keyValuePair key="slice_used" value="1895" description="" />
   <keyValuePair key="slice_util_percentage" value="23.25" description="" />
   <keyValuePair key="slicel_fixed" value="0" description="" />
   <keyValuePair key="slicel_used" value="1310" description="" />
   <keyValuePair key="slicem_fixed" value="0" description="" />
   <keyValuePair key="slicem_used" value="585" description="" />
   <keyValuePair key="unique_control_sets_available" value="8150" description="" />
   <keyValuePair key="unique_control_sets_fixed" value="8150" description="" />
   <keyValuePair key="unique_control_sets_used" value="222" description="" />
   <keyValuePair key="unique_control_sets_util_percentage" value="2.72" description="" />
   <keyValuePair key="using_o5_and_o6_fixed" value="2.72" description="" />
   <keyValuePair key="using_o5_and_o6_used" value="0" description="" />
   <keyValuePair key="using_o5_output_only_fixed" value="0" description="" />
   <keyValuePair key="using_o5_output_only_used" value="19" description="" />
   <keyValuePair key="using_o6_output_only_fixed" value="19" description="" />
   <keyValuePair key="using_o6_output_only_used" value="1" description="" />
  </section>
  <section name="specific_feature" level="2" order="7" description="">
   <keyValuePair key="bscane2_available" value="4" description="" />
   <keyValuePair key="bscane2_fixed" value="0" description="" />
   <keyValuePair key="bscane2_used" value="0" description="" />
   <keyValuePair key="bscane2_util_percentage" value="0.00" description="" />
   <keyValuePair key="capturee2_available" value="1" description="" />
   <keyValuePair key="capturee2_fixed" value="0" description="" />
   <keyValuePair key="capturee2_used" value="0" description="" />
   <keyValuePair key="capturee2_util_percentage" value="0.00" description="" />
   <keyValuePair key="dna_port_available" value="1" description="" />
   <keyValuePair key="dna_port_fixed" value="0" description="" />
   <keyValuePair key="dna_port_used" value="0" description="" />
   <keyValuePair key="dna_port_util_percentage" value="0.00" description="" />
   <keyValuePair key="efuse_usr_available" value="1" description="" />
   <keyValuePair key="efuse_usr_fixed" value="0" description="" />
   <keyValuePair key="efuse_usr_used" value="0" description="" />
   <keyValuePair key="efuse_usr_util_percentage" value="0.00" description="" />
   <keyValuePair key="frame_ecce2_available" value="1" description="" />
   <keyValuePair key="frame_ecce2_fixed" value="0" description="" />
   <keyValuePair key="frame_ecce2_used" value="0" description="" />
   <keyValuePair key="frame_ecce2_util_percentage" value="0.00" description="" />
   <keyValuePair key="icape2_available" value="2" description="" />
   <keyValuePair key="icape2_fixed" value="0" description="" />
   <keyValuePair key="icape2_used" value="0" description="" />
   <keyValuePair key="icape2_util_percentage" value="0.00" description="" />
   <keyValuePair key="pcie_2_1_available" value="1" description="" />
   <keyValuePair key="pcie_2_1_fixed" value="0" description="" />
   <keyValuePair key="pcie_2_1_used" value="0" description="" />
   <keyValuePair key="pcie_2_1_util_percentage" value="0.00" description="" />
   <keyValuePair key="startupe2_available" value="1" description="" />
   <keyValuePair key="startupe2_fixed" value="0" description="" />
   <keyValuePair key="startupe2_used" value="0" description="" />
   <keyValuePair key="startupe2_util_percentage" value="0.00" description="" />
   <keyValuePair key="xadc_available" value="1" description="" />
   <keyValuePair key="xadc_fixed" value="0" description="" />
   <keyValuePair key="xadc_used" value="1" description="" />
   <keyValuePair key="xadc_util_percentage" value="100.00" description="" />
  </section>
 </section>
 <section name="synthesis" level="1" order="10" description="">
  <section name="command_line_options" level="2" order="1" description="">
   <keyValuePair key="-assert" value="default::[not_specified]" description="" />
   <keyValuePair key="-bufg" value="default::12" description="" />
   <keyValuePair key="-cascade_dsp" value="default::auto" description="" />
   <keyValuePair key="-constrset" value="default::[not_specified]" description="" />
   <keyValuePair key="-control_set_opt_threshold" value="default::auto" description="" />
   <keyValuePair key="-directive" value="default::default" description="" />
   <keyValuePair key="-fanout_limit" value="default::10000" description="" />
   <keyValuePair key="-flatten_hierarchy" value="default::rebuilt" description="" />
   <keyValuePair key="-fsm_extraction" value="default::auto" description="" />
   <keyValuePair key="-gated_clock_conversion" value="default::off" description="" />
   <keyValuePair key="-generic" value="default::[not_specified]" description="" />
   <keyValuePair key="-include_dirs" value="default::[not_specified]" description="" />
   <keyValuePair key="-keep_equivalent_registers" value="default::[not_specified]" description="" />
   <keyValuePair key="-max_bram" value="default::-1" description="" />
   <keyValuePair key="-max_bram_cascade_height" value="default::-1" description="" />
   <keyValuePair key="-max_dsp" value="default::-1" description="" />
   <keyValuePair key="-max_uram" value="default::-1" description="" />
   <keyValuePair key="-max_uram_cascade_height" value="default::-1" description="" />
   <keyValuePair key="-mode" value="default::default" description="" />
   <keyValuePair key="-name" value="default::[not_specified]" description="" />
   <keyValuePair key="-no_lc" value="default::[not_specified]" description="" />
   <keyValuePair key="-no_srlextract" value="default::[not_specified]" description="" />
   <keyValuePair key="-no_timing_driven" value="default::[not_specified]" description="" />
   <keyValuePair key="-part" value="xc7a35tfgg484-1" description="" />
   <keyValuePair key="-resource_sharing" value="default::auto" description="" />
   <keyValuePair key="-retiming" value="default::[not_specified]" description="" />
   <keyValuePair key="-rtl" value="default::[not_specified]" description="" />
   <keyValuePair key="-rtl_skip_constraints" value="default::[not_specified]" description="" />
   <keyValuePair key="-rtl_skip_ip" value="default::[not_specified]" description="" />
   <keyValuePair key="-seu_protect" value="default::none" description="" />
   <keyValuePair key="-sfcu" value="default::[not_specified]" description="" />
   <keyValuePair key="-shreg_min_size" value="default::3" description="" />
   <keyValuePair key="-top" value="top_mig" description="" />
   <keyValuePair key="-verilog_define" value="default::[not_specified]" description="" />
  </section>
  <section name="usage" level="2" order="2" description="">
   <keyValuePair key="elapsed" value="00:00:26s" description="" />
   <keyValuePair key="hls_ip" value="0" description="" />
   <keyValuePair key="memory_gain" value="681.371MB" description="" />
   <keyValuePair key="memory_peak" value="1182.973MB" description="" />
  </section>
 </section>
 <section name="unisim_transformation" level="1" order="11" description="">
  <section name="post_unisim_transformation" level="2" order="1" description="">
   <keyValuePair key="bufg" value="7" description="" />
   <keyValuePair key="bufh" value="1" description="" />
   <keyValuePair key="carry4" value="198" description="" />
   <keyValuePair key="fdce" value="45" description="" />
   <keyValuePair key="fdpe" value="76" description="" />
   <keyValuePair key="fdre" value="4510" description="" />
   <keyValuePair key="fdse" value="220" description="" />
   <keyValuePair key="gnd" value="115" description="" />
   <keyValuePair key="ibuf" value="2" description="" />
   <keyValuePair key="ibuf_intermdisable" value="16" description="" />
   <keyValuePair key="ibufds_intermdisable_int" value="4" description="" />
   <keyValuePair key="iddr" value="2" description="" />
   <keyValuePair key="idelayctrl" value="1" description="" />
   <keyValuePair key="idelaye2" value="16" description="" />
   <keyValuePair key="in_fifo" value="2" description="" />
   <keyValuePair key="inv" value="3" description="" />
   <keyValuePair key="iserdese2" value="16" description="" />
   <keyValuePair key="lut1" value="434" description="" />
   <keyValuePair key="lut2" value="624" description="" />
   <keyValuePair key="lut3" value="1108" description="" />
   <keyValuePair key="lut4" value="1062" description="" />
   <keyValuePair key="lut5" value="1260" description="" />
   <keyValuePair key="lut6" value="1593" description="" />
   <keyValuePair key="mmcme2_adv" value="2" description="" />
   <keyValuePair key="muxf7" value="4" description="" />
   <keyValuePair key="obuf" value="24" description="" />
   <keyValuePair key="obufds" value="6" description="" />
   <keyValuePair key="obuft" value="18" description="" />
   <keyValuePair key="obuftds" value="4" description="" />
   <keyValuePair key="oddr" value="5" description="" />
   <keyValuePair key="oserdese2" value="51" description="" />
   <keyValuePair key="out_fifo" value="6" description="" />
   <keyValuePair key="phaser_in_phy" value="2" description="" />
   <keyValuePair key="phaser_out_phy" value="6" description="" />
   <keyValuePair key="phaser_ref" value="2" description="" />
   <keyValuePair key="phy_control" value="2" description="" />
   <keyValuePair key="plle2_adv" value="1" description="" />
   <keyValuePair key="ramb36e1" value="4" description="" />
   <keyValuePair key="ramd32" value="666" description="" />
   <keyValuePair key="rams32" value="222" description="" />
   <keyValuePair key="srl16e" value="19" description="" />
   <keyValuePair key="srlc32e" value="1" description="" />
   <keyValuePair key="vcc" value="107" description="" />
   <keyValuePair key="xadc" value="1" description="" />
  </section>
  <section name="pre_unisim_transformation" level="2" order="2" description="">
   <keyValuePair key="bufg" value="7" description="" />
   <keyValuePair key="bufh" value="1" description="" />
   <keyValuePair key="carry4" value="198" description="" />
   <keyValuePair key="fdce" value="45" description="" />
   <keyValuePair key="fdpe" value="76" description="" />
   <keyValuePair key="fdre" value="4510" description="" />
   <keyValuePair key="fdse" value="220" description="" />
   <keyValuePair key="gnd" value="115" description="" />
   <keyValuePair key="ibuf" value="3" description="" />
   <keyValuePair key="iddr" value="2" description="" />
   <keyValuePair key="idelayctrl" value="1" description="" />
   <keyValuePair key="idelaye2" value="16" description="" />
   <keyValuePair key="in_fifo" value="2" description="" />
   <keyValuePair key="iobuf_intermdisable" value="16" description="" />
   <keyValuePair key="iobufds_diff_out_intermdisable" value="2" description="" />
   <keyValuePair key="iserdese2" value="16" description="" />
   <keyValuePair key="lut1" value="434" description="" />
   <keyValuePair key="lut2" value="624" description="" />
   <keyValuePair key="lut3" value="1108" description="" />
   <keyValuePair key="lut4" value="1062" description="" />
   <keyValuePair key="lut5" value="1260" description="" />
   <keyValuePair key="lut6" value="1593" description="" />
   <keyValuePair key="mmcme2_adv" value="2" description="" />
   <keyValuePair key="muxf7" value="4" description="" />
   <keyValuePair key="obuf" value="24" description="" />
   <keyValuePair key="obufds" value="5" description="" />
   <keyValuePair key="obuft" value="2" description="" />
   <keyValuePair key="oddr" value="5" description="" />
   <keyValuePair key="oserdese2" value="51" description="" />
   <keyValuePair key="out_fifo" value="6" description="" />
   <keyValuePair key="phaser_in_phy" value="2" description="" />
   <keyValuePair key="phaser_out_phy" value="6" description="" />
   <keyValuePair key="phaser_ref" value="2" description="" />
   <keyValuePair key="phy_control" value="2" description="" />
   <keyValuePair key="plle2_adv" value="1" description="" />
   <keyValuePair key="ram32m" value="111" description="" />
   <keyValuePair key="ramb36e1" value="4" description="" />
   <keyValuePair key="srl16e" value="19" description="" />
   <keyValuePair key="srlc32e" value="1" description="" />
   <keyValuePair key="vcc" value="107" description="" />
   <keyValuePair key="xadc" value="1" description="" />
  </section>
 </section>
 <section name="vivado_usage" level="1" order="12" description="">
  <section name="gui_handlers" level="2" order="1" description="">
   <keyValuePair key="abstractfileview_reload" value="3" description="" />
   <keyValuePair key="addsrcwizard_specify_hdl_netlist_block_design" value="1" description="" />
   <keyValuePair key="addsrcwizard_specify_or_create_constraint_files" value="1" description="" />
   <keyValuePair key="addsrcwizard_specify_simulation_specific_hdl_files" value="1" description="" />
   <keyValuePair key="basedialog_ok" value="46" description="" />
   <keyValuePair key="basedialog_yes" value="11" description="" />
   <keyValuePair key="cmdmsgdialog_messages" value="3" description="" />
   <keyValuePair key="cmdmsgdialog_ok" value="9" description="" />
   <keyValuePair key="constraintschooserpanel_add_existing_or_create_new_constraints" value="4" description="" />
   <keyValuePair key="constraintschooserpanel_add_files" value="4" description="" />
   <keyValuePair key="coretreetablepanel_core_tree_table" value="11" description="" />
   <keyValuePair key="filesetpanel_file_set_panel_tree" value="176" description="" />
   <keyValuePair key="flownavigatortreepanel_flow_navigator_tree" value="47" description="" />
   <keyValuePair key="fpgachooser_family" value="1" description="" />
   <keyValuePair key="fpgachooser_fpga_table" value="1" description="" />
   <keyValuePair key="fpgachooser_package" value="1" description="" />
   <keyValuePair key="fpgachooser_speed" value="1" description="" />
   <keyValuePair key="gettingstartedview_create_new_project" value="1" description="" />
   <keyValuePair key="mainmenumgr_view" value="14" description="" />
   <keyValuePair key="mainwinmenumgr_layout" value="2" description="" />
   <keyValuePair key="mainwintoolbarmgr_select_or_save_window_layout" value="2" description="" />
   <keyValuePair key="migcontrolleroptoinspage_create_custom_part" value="1" description="" />
   <keyValuePair key="migioplanningoptionspage_fixed_pin_out_pre_existing_pin_out" value="2" description="" />
   <keyValuePair key="miglicensepage_accept" value="7" description="" />
   <keyValuePair key="migpinselectionpage_read_xdc_ucf" value="14" description="" />
   <keyValuePair key="migpinselectionpage_save_pin_out" value="2" description="" />
   <keyValuePair key="migpinselectionpage_validate" value="20" description="" />
   <keyValuePair key="migsystemsignalsselectionpage_table" value="29" description="" />
   <keyValuePair key="msgtreepanel_message_severity" value="4" description="" />
   <keyValuePair key="msgtreepanel_message_view_tree" value="91" description="" />
   <keyValuePair key="msgview_critical_warnings" value="3" description="" />
   <keyValuePair key="msgview_error_messages" value="1" description="" />
   <keyValuePair key="netlistschematicview_show_cells_in_this_schematic" value="1" description="" />
   <keyValuePair key="openfileaction_open_directory" value="2" description="" />
   <keyValuePair key="packagetreepanel_package_tree_panel" value="2" description="" />
   <keyValuePair key="pacommandnames_add_sources" value="11" description="" />
   <keyValuePair key="pacommandnames_auto_connect_target" value="4" description="" />
   <keyValuePair key="pacommandnames_select_area" value="1" description="" />
   <keyValuePair key="pacommandnames_toggle_view_nav" value="2" description="" />
   <keyValuePair key="pacommandnames_zoom_area" value="1" description="" />
   <keyValuePair key="pacommandnames_zoom_in" value="2" description="" />
   <keyValuePair key="paviews_code" value="13" description="" />
   <keyValuePair key="paviews_device" value="2" description="" />
   <keyValuePair key="paviews_ip_catalog" value="1" description="" />
   <keyValuePair key="paviews_package" value="1" description="" />
   <keyValuePair key="paviews_project_summary" value="6" description="" />
   <keyValuePair key="paviews_schematic" value="4" description="" />
   <keyValuePair key="programdebugtab_open_target" value="1" description="" />
   <keyValuePair key="programdebugtab_program_device" value="4" description="" />
   <keyValuePair key="programfpgadialog_program" value="4" description="" />
   <keyValuePair key="progressdialog_cancel" value="2" description="" />
   <keyValuePair key="projectnamechooser_choose_project_location" value="1" description="" />
   <keyValuePair key="projectnamechooser_project_name" value="1" description="" />
   <keyValuePair key="projecttab_reload" value="5" description="" />
   <keyValuePair key="propertiesview_next_object" value="4" description="" />
   <keyValuePair key="propertiesview_previous_object" value="3" description="" />
   <keyValuePair key="rdicommands_delete" value="4" description="" />
   <keyValuePair key="rdicommands_show_world_view" value="1" description="" />
   <keyValuePair key="signaltreepanel_signal_tree_table" value="21" description="" />
   <keyValuePair key="simpleoutputproductdialog_generate_output_products_immediately" value="9" description="" />
   <keyValuePair key="srcchooserpanel_add_hdl_and_netlist_files_to_your_project" value="7" description="" />
   <keyValuePair key="srcchooserpanel_add_or_create_source_file" value="7" description="" />
   <keyValuePair key="srcchoosertable_src_chooser_table" value="1" description="" />
   <keyValuePair key="srcmenu_ip_documentation" value="1" description="" />
   <keyValuePair key="taskbanner_close" value="5" description="" />
  </section>
  <section name="java_command_handlers" level="2" order="2" description="">
   <keyValuePair key="addsources" value="12" description="" />
   <keyValuePair key="autoconnecttarget" value="4" description="" />
   <keyValuePair key="coreview" value="3" description="" />
   <keyValuePair key="customizecore" value="4" description="" />
   <keyValuePair key="editdelete" value="4" description="" />
   <keyValuePair key="launchprogramfpga" value="4" description="" />
   <keyValuePair key="newproject" value="1" description="" />
   <keyValuePair key="openhardwaremanager" value="4" description="" />
   <keyValuePair key="openrecenttarget" value="4" description="" />
   <keyValuePair key="recustomizecore" value="9" description="" />
   <keyValuePair key="runbitgen" value="11" description="" />
   <keyValuePair key="runimplementation" value="2" description="" />
   <keyValuePair key="runschematic" value="7" description="" />
   <keyValuePair key="runsynthesis" value="11" description="" />
   <keyValuePair key="showview" value="5" description="" />
   <keyValuePair key="showworldview" value="1" description="" />
   <keyValuePair key="toggleselectareamode" value="1" description="" />
   <keyValuePair key="toggleviewnavigator" value="2" description="" />
   <keyValuePair key="togglezoomareamode" value="1" description="" />
   <keyValuePair key="viewlayoutcmd" value="2" description="" />
   <keyValuePair key="viewtaskrtlanalysis" value="3" description="" />
   <keyValuePair key="zoomin" value="2" description="" />
  </section>
  <section name="other_data" level="2" order="3" description="">
   <keyValuePair key="guimode" value="4" description="" />
  </section>
  <section name="project_data" level="2" order="4" description="">
   <keyValuePair key="constraintsetcount" value="1" description="" />
   <keyValuePair key="core_container" value="false" description="" />
   <keyValuePair key="currentimplrun" value="impl_1" description="" />
   <keyValuePair key="currentsynthesisrun" value="synth_1" description="" />
   <keyValuePair key="default_library" value="xil_defaultlib" description="" />
   <keyValuePair key="designmode" value="RTL" description="" />
   <keyValuePair key="export_simulation_activehdl" value="8" description="" />
   <keyValuePair key="export_simulation_ies" value="8" description="" />
   <keyValuePair key="export_simulation_modelsim" value="8" description="" />
   <keyValuePair key="export_simulation_questa" value="8" description="" />
   <keyValuePair key="export_simulation_riviera" value="8" description="" />
   <keyValuePair key="export_simulation_vcs" value="8" description="" />
   <keyValuePair key="export_simulation_xsim" value="8" description="" />
   <keyValuePair key="implstrategy" value="Vivado Implementation Defaults" description="" />
   <keyValuePair key="launch_simulation_activehdl" value="0" description="" />
   <keyValuePair key="launch_simulation_ies" value="0" description="" />
   <keyValuePair key="launch_simulation_modelsim" value="0" description="" />
   <keyValuePair key="launch_simulation_questa" value="0" description="" />
   <keyValuePair key="launch_simulation_riviera" value="0" description="" />
   <keyValuePair key="launch_simulation_vcs" value="0" description="" />
   <keyValuePair key="launch_simulation_xsim" value="0" description="" />
   <keyValuePair key="simulator_language" value="Mixed" description="" />
   <keyValuePair key="srcsetcount" value="14" description="" />
   <keyValuePair key="synthesisstrategy" value="Vivado Synthesis Defaults" description="" />
   <keyValuePair key="target_language" value="Verilog" description="" />
   <keyValuePair key="target_simulator" value="XSim" description="" />
   <keyValuePair key="totalimplruns" value="4" description="" />
   <keyValuePair key="totalsynthesisruns" value="4" description="" />
  </section>
 </section>
</section>
</webTalkData>
